{
  "success_count": 387,
  "failure_count": 199613,
  "success_rate": 0.001935,
  "success_mean_stats": {
    "mean": 0.026455719023942947,
    "std": 0.00353618455119431,
    "min": 0.017973167821764946,
    "max": 0.036306705325841904,
    "percentile_5": 0.020830972120165825,
    "percentile_95": 0.03279373049736023
  },
  "success_var_stats": {
    "mean": 0.008598816581070423,
    "std": 0.0011747260577976704,
    "min": 0.0053615691140294075,
    "max": 0.012093329802155495,
    "percentile_5": 0.006741577293723822,
    "percentile_95": 0.010697515681385994
  },
  "failure_mean_stats": {
    "mean": -6.361723353620619e-05,
    "std": 0.009920511394739151,
    "min": -0.04560203477740288,
    "max": 0.04880256578326225,
    "percentile_5": -0.01648576930165291,
    "percentile_95": 0.016158055514097214
  },
  "failure_var_stats": {
    "mean": 0.010002671740949154,
    "std": 0.001422298257239163,
    "min": 0.0048016211949288845,
    "max": 0.017565565183758736,
    "percentile_5": 0.0077789477072656155,
    "percentile_95": 0.012446621432900429
  },
  "param_stats": {
    "all_mean_mean": -1.2302321920287795e-05,
    "all_mean_std": 0.009980402886867523,
    "all_var_mean": 0.009999954141676426,
    "all_var_std": 0.001423196168616414,
    "all_norm_mean": 0.997473418712616,
    "all_norm_std": 0.07073183357715607,
    "all_max_abs_mean": 0.27470293641090393,
    "all_max_abs_std": 0.040031157433986664
  },
  "recommended_mean_min": -0.11648576930165291,
  "recommended_mean_max": 0.13279373049736024,
  "recommended_var_min": 0.01,
  "recommended_var_max": 0.06244662143290043,
  "mean_separation": 0.026519336257479154,
  "var_separation": 0.0014038551598787308,
  "norm_separation": 0.0396040678024292,
  "max_abs_separation": 0.008880764245986938,
  "separations": {
    "mean": 0.026519336257479154,
    "variance": 0.0014038551598787308,
    "norm": 0.0396040678024292,
    "max_abs": 0.008880764245986938
  },
  "best_separation_metric": "norm",
  "best_separation_value": 0.0396040678024292,
  "separation_quality": "poor",
  "analysis_metadata": {
    "seed": 0,
    "student_dim": 100,
    "alpha_teacher": 